Category,Item Name,File ID,Direct Image URL,Drive View URL
INTERIOR - SHOWER DOOR - UPGRADE,Chrome,1lwvdyXXvQba1rbrpQrSDrHQHIdmL23k3,https://drive.google.com/uc?id=1lwvdyXXvQba1rbrpQrSDrHQHIdmL23k3,https://drive.google.com/file/d/1lwvdyXXvQba1rbrpQrSDrHQHIdmL23k3/view
INTERIOR - SHOWER DOOR - UPGRADE,Matte Black,1v4sit0gc7cGse2PF6twO9QcfSuljWQa8,https://drive.google.com/uc?id=1v4sit0gc7cGse2PF6twO9QcfSuljWQa8,https://drive.google.com/file/d/1v4sit0gc7cGse2PF6twO9QcfSuljWQa8/view
INTERIOR - SHOWER DOOR - UPGRADE,Brushed Nickel,1DIpdY5ndtwbHySWup8jUbuMOAbOEIUzm,https://drive.google.com/uc?id=1DIpdY5ndtwbHySWup8jUbuMOAbOEIUzm,https://drive.google.com/file/d/1DIpdY5ndtwbHySWup8jUbuMOAbOEIUzm/view
INTERIOR - SHOWER DOOR - UPGRADE,Image 1,15khVejovn0swTEKXwSNIsroTfLfVJyQG,https://drive.google.com/uc?id=15khVejovn0swTEKXwSNIsroTfLfVJyQG,https://drive.google.com/file/d/15khVejovn0swTEKXwSNIsroTfLfVJyQG/view
INTERIOR - CABINET HARDWARE,Upgrade 09,170WeVh2DRDKOq2tFi4HrnxPXRUTGVzvD,https://drive.google.com/uc?id=170WeVh2DRDKOq2tFi4HrnxPXRUTGVzvD,https://drive.google.com/file/d/170WeVh2DRDKOq2tFi4HrnxPXRUTGVzvD/view
INTERIOR - CABINET HARDWARE,Upgrade 08,1KbLnhITiA0Dtw64npw7lq6UIHNU5AyoO,https://drive.google.com/uc?id=1KbLnhITiA0Dtw64npw7lq6UIHNU5AyoO,https://drive.google.com/file/d/1KbLnhITiA0Dtw64npw7lq6UIHNU5AyoO/view
INTERIOR - CABINET HARDWARE,Upgrade 07,1bTBSQ4U5nK-RsG_jbYAUSoKcRLnZceuT,https://drive.google.com/uc?id=1bTBSQ4U5nK-RsG_jbYAUSoKcRLnZceuT,https://drive.google.com/file/d/1bTBSQ4U5nK-RsG_jbYAUSoKcRLnZceuT/view
INTERIOR - CABINET HARDWARE,Upgrade 06,1Xb7f1gteAgk-8sZ35MHK8288Ulkhu4_Q,https://drive.google.com/uc?id=1Xb7f1gteAgk-8sZ35MHK8288Ulkhu4_Q,https://drive.google.com/file/d/1Xb7f1gteAgk-8sZ35MHK8288Ulkhu4_Q/view
INTERIOR - CABINET HARDWARE,Upgrade 05,15elDMqKQNH1FA4D9HkOKpEkOUQqKYw_F,https://drive.google.com/uc?id=15elDMqKQNH1FA4D9HkOKpEkOUQqKYw_F,https://drive.google.com/file/d/15elDMqKQNH1FA4D9HkOKpEkOUQqKYw_F/view
INTERIOR - CABINET HARDWARE,Upgrade 04,1ZsnTPDL2_TIbgisDbY4ODAn47na1M01b,https://drive.google.com/uc?id=1ZsnTPDL2_TIbgisDbY4ODAn47na1M01b,https://drive.google.com/file/d/1ZsnTPDL2_TIbgisDbY4ODAn47na1M01b/view
INTERIOR - CABINET HARDWARE,Upgrade 03,1KnbnlQPkQhf0ToKuBpcXw3OobogA3FYl,https://drive.google.com/uc?id=1KnbnlQPkQhf0ToKuBpcXw3OobogA3FYl,https://drive.google.com/file/d/1KnbnlQPkQhf0ToKuBpcXw3OobogA3FYl/view
INTERIOR - CABINET HARDWARE,Upgrade 02,1CPopfkxvCWBp-8MXsLIxkNiscghRcNJt,https://drive.google.com/uc?id=1CPopfkxvCWBp-8MXsLIxkNiscghRcNJt,https://drive.google.com/file/d/1CPopfkxvCWBp-8MXsLIxkNiscghRcNJt/view
INTERIOR - CABINET HARDWARE,Upgrade 01,1IxM98hhyXXPaPfQCRWymc9CoaxR8fxyQ,https://drive.google.com/uc?id=1IxM98hhyXXPaPfQCRWymc9CoaxR8fxyQ,https://drive.google.com/file/d/1IxM98hhyXXPaPfQCRWymc9CoaxR8fxyQ/view
INTERIOR - CABINET HARDWARE,Polished Chrome (Included),1_gBfEtkz3-eDjty13DSMmk5rSlICqXPR,https://drive.google.com/uc?id=1_gBfEtkz3-eDjty13DSMmk5rSlICqXPR,https://drive.google.com/file/d/1_gBfEtkz3-eDjty13DSMmk5rSlICqXPR/view
INTERIOR - CABINET HARDWARE,Matte Black (Included),1Yb_c-afIDOTzyONfnUpnvSAFGxzgXHDs,https://drive.google.com/uc?id=1Yb_c-afIDOTzyONfnUpnvSAFGxzgXHDs,https://drive.google.com/file/d/1Yb_c-afIDOTzyONfnUpnvSAFGxzgXHDs/view
INTERIOR - CABINET HARDWARE,Satin Stainless (Included),1Bezia03J0kV-HvWDOPVvn3mDQytUkIcP,https://drive.google.com/uc?id=1Bezia03J0kV-HvWDOPVvn3mDQytUkIcP,https://drive.google.com/file/d/1Bezia03J0kV-HvWDOPVvn3mDQytUkIcP/view
INTERIOR - SHOWER OPTIONAL UPGRADES,Cabinet,1pKD3hZNdjkVenBMkTog4eR6yBJDUPOEs,https://drive.google.com/uc?id=1pKD3hZNdjkVenBMkTog4eR6yBJDUPOEs,https://drive.google.com/file/d/1pKD3hZNdjkVenBMkTog4eR6yBJDUPOEs/view
INTERIOR - SHOWER OPTIONAL UPGRADES,Bench,1yJhV6hYNlPDHiO7-bCsoDgVZo_GNqFjy,https://drive.google.com/uc?id=1yJhV6hYNlPDHiO7-bCsoDgVZo_GNqFjy,https://drive.google.com/file/d/1yJhV6hYNlPDHiO7-bCsoDgVZo_GNqFjy/view
INTERIOR - SHOWER OPTIONAL UPGRADES,Shampoo Niche,1ABUk08s8xNLzNXFWBXrusGZ9vAeBhCGQ,https://drive.google.com/uc?id=1ABUk08s8xNLzNXFWBXrusGZ9vAeBhCGQ,https://drive.google.com/file/d/1ABUk08s8xNLzNXFWBXrusGZ9vAeBhCGQ/view
INTERIOR - FLOORING,Wind Malibu,1Ni0aT9AlJ93DOextmRavfWo0tVlFHWmL,https://drive.google.com/uc?id=1Ni0aT9AlJ93DOextmRavfWo0tVlFHWmL,https://drive.google.com/file/d/1Ni0aT9AlJ93DOextmRavfWo0tVlFHWmL/view
INTERIOR - FLOORING,Wind Solvang,18gvxXIFWjw8-qz1YfKLMdToURcN6kwIn,https://drive.google.com/uc?id=18gvxXIFWjw8-qz1YfKLMdToURcN6kwIn,https://drive.google.com/file/d/18gvxXIFWjw8-qz1YfKLMdToURcN6kwIn/view
INTERIOR - FLOORING,Wind Barstow,1kszFmjfHSvDbw5Bi-H6ikeHWBlZOssJS,https://drive.google.com/uc?id=1kszFmjfHSvDbw5Bi-H6ikeHWBlZOssJS,https://drive.google.com/file/d/1kszFmjfHSvDbw5Bi-H6ikeHWBlZOssJS/view
INTERIOR - FLOORING,Oxford Ojai,1rJSF4gFZtNirxpLWIruWIJFzz9ikK5Mg,https://drive.google.com/uc?id=1rJSF4gFZtNirxpLWIruWIJFzz9ikK5Mg,https://drive.google.com/file/d/1rJSF4gFZtNirxpLWIruWIJFzz9ikK5Mg/view
INTERIOR - FLOORING,Oxford Brea,1JD1Q7HJQuafuvDgKi2gsJbRjxcbur1Ir,https://drive.google.com/uc?id=1JD1Q7HJQuafuvDgKi2gsJbRjxcbur1Ir,https://drive.google.com/file/d/1JD1Q7HJQuafuvDgKi2gsJbRjxcbur1Ir/view
INTERIOR - FLOORING,Oxford Hermosa,1bC4xTx-w5Vt1oxfBbZgoG-midRHk3J-m,https://drive.google.com/uc?id=1bC4xTx-w5Vt1oxfBbZgoG-midRHk3J-m,https://drive.google.com/file/d/1bC4xTx-w5Vt1oxfBbZgoG-midRHk3J-m/view
INTERIOR - SHOWER WALL & FLOOR TILE,Emser Catch,1MhedG995WHnvYLfli7PT0pme7lHdcoXt,https://drive.google.com/uc?id=1MhedG995WHnvYLfli7PT0pme7lHdcoXt,https://drive.google.com/file/d/1MhedG995WHnvYLfli7PT0pme7lHdcoXt/view
INTERIOR - SHOWER WALL & FLOOR TILE,Emser Impact White,124xEBmtR8T6VtVw5Ksc41zPxzABPvj4N,https://drive.google.com/uc?id=124xEBmtR8T6VtVw5Ksc41zPxzABPvj4N,https://drive.google.com/file/d/124xEBmtR8T6VtVw5Ksc41zPxzABPvj4N/view
INTERIOR - SHOWER WALL & FLOOR TILE,Emser Impact Gray,1taDvHv_8w_hdLpwzmnEaZOlZfLlbwHLd,https://drive.google.com/uc?id=1taDvHv_8w_hdLpwzmnEaZOlZfLlbwHLd,https://drive.google.com/file/d/1taDvHv_8w_hdLpwzmnEaZOlZfLlbwHLd/view
INTERIOR - SHOWER WALL & FLOOR TILE,Tile Black,1lg4j6Rox2HKPn-EScZk_fRREFz-qFGA_,https://drive.google.com/uc?id=1lg4j6Rox2HKPn-EScZk_fRREFz-qFGA_,https://drive.google.com/file/d/1lg4j6Rox2HKPn-EScZk_fRREFz-qFGA_/view
INTERIOR - SHOWER WALL & FLOOR TILE,Tile Silver,1RnpF1UlSq8RZMdPd55lYpf0bOPzEq7rG,https://drive.google.com/uc?id=1RnpF1UlSq8RZMdPd55lYpf0bOPzEq7rG,https://drive.google.com/file/d/1RnpF1UlSq8RZMdPd55lYpf0bOPzEq7rG/view
INTERIOR - SHOWER WALL & FLOOR TILE,Tile White,1THg-2U5Q21rzBPEiXogwxNqkLQQkOsET,https://drive.google.com/uc?id=1THg-2U5Q21rzBPEiXogwxNqkLQQkOsET,https://drive.google.com/file/d/1THg-2U5Q21rzBPEiXogwxNqkLQQkOsET/view
INTERIOR - KITCHEN FAUCET,Stainless Stain,1zidku12-3kc8l5DnQXUS85X0B1By3iJb,https://drive.google.com/uc?id=1zidku12-3kc8l5DnQXUS85X0B1By3iJb,https://drive.google.com/file/d/1zidku12-3kc8l5DnQXUS85X0B1By3iJb/view
INTERIOR - KITCHEN FAUCET,Bright Chrome,1zYnD3SnyVQWy78iO-5qta6Xcr_I-c8U0,https://drive.google.com/uc?id=1zYnD3SnyVQWy78iO-5qta6Xcr_I-c8U0,https://drive.google.com/file/d/1zYnD3SnyVQWy78iO-5qta6Xcr_I-c8U0/view
INTERIOR - KITCHEN FAUCET,Matte Black,1sAzAmWHYKkIe8Yx5FoE7GT_SnLZJ3uag,https://drive.google.com/uc?id=1sAzAmWHYKkIe8Yx5FoE7GT_SnLZJ3uag,https://drive.google.com/file/d/1sAzAmWHYKkIe8Yx5FoE7GT_SnLZJ3uag/view
INTERIOR - BATHROOM VANITY LIGHTING - UPGRADE,Vertex Brushed Nickel,1n-jru6u8lGIFjlTHa4BQwBAY4EAPl2FO,https://drive.google.com/uc?id=1n-jru6u8lGIFjlTHa4BQwBAY4EAPl2FO,https://drive.google.com/file/d/1n-jru6u8lGIFjlTHa4BQwBAY4EAPl2FO/view
INTERIOR - BATHROOM VANITY LIGHTING - UPGRADE,Vertex Matte Black,1BAxfM1AJXbX12cjhSz6UVAO39dJvQ5EO,https://drive.google.com/uc?id=1BAxfM1AJXbX12cjhSz6UVAO39dJvQ5EO,https://drive.google.com/file/d/1BAxfM1AJXbX12cjhSz6UVAO39dJvQ5EO/view
INTERIOR - BATHROOM VANITY LIGHTING - UPGRADE,Vertex Brushed Gold,1b4IYMWJZ2c1cZvjf7GgALIiN8K2D9FMr,https://drive.google.com/uc?id=1b4IYMWJZ2c1cZvjf7GgALIiN8K2D9FMr,https://drive.google.com/file/d/1b4IYMWJZ2c1cZvjf7GgALIiN8K2D9FMr/view
INTERIOR - BATHROOM VANITY LIGHTING - UPGRADE,Image 1,1uTRFfiDcVmPNKhoYSzQdf1HcY2HSyg3h,https://drive.google.com/uc?id=1uTRFfiDcVmPNKhoYSzQdf1HcY2HSyg3h,https://drive.google.com/file/d/1uTRFfiDcVmPNKhoYSzQdf1HcY2HSyg3h/view
INTERIOR - BATHROOM VANITY LIGHTING - UPGRADE,Adley Matte Black,1MkYBJFQO6NPUJR3-QVnDi6sa9yNq-oeP,https://drive.google.com/uc?id=1MkYBJFQO6NPUJR3-QVnDi6sa9yNq-oeP,https://drive.google.com/file/d/1MkYBJFQO6NPUJR3-QVnDi6sa9yNq-oeP/view
INTERIOR - BATHROOM VANITY LIGHTING - UPGRADE,Adley Polished Nickel,1UbN_CUROeV3FHJek7kpKuPJ0LMLPc_K5,https://drive.google.com/uc?id=1UbN_CUROeV3FHJek7kpKuPJ0LMLPc_K5,https://drive.google.com/file/d/1UbN_CUROeV3FHJek7kpKuPJ0LMLPc_K5/view
INTERIOR - BATHROOM VANITY LIGHTING - UPGRADE,Adley Brushed Nickel,1XyMZzAi-rHCWeOr7Dkn4BvefqcDMBHLz,https://drive.google.com/uc?id=1XyMZzAi-rHCWeOr7Dkn4BvefqcDMBHLz,https://drive.google.com/file/d/1XyMZzAi-rHCWeOr7Dkn4BvefqcDMBHLz/view
INTERIOR - BATHROOM VANITY LIGHTING - UPGRADE,Adley Antique Bronze,1FpqkJ9_EvmTXBGd8erwxFctLcSA3AJf7,https://drive.google.com/uc?id=1FpqkJ9_EvmTXBGd8erwxFctLcSA3AJf7,https://drive.google.com/file/d/1FpqkJ9_EvmTXBGd8erwxFctLcSA3AJf7/view
INTERIOR - BATHROOM VANITY LIGHTING - INCLUDED,Clifton Heights Brushed Nickel,1rKBtdFnhIsIBlxlVlr04ul3KLeZehOqV,https://drive.google.com/uc?id=1rKBtdFnhIsIBlxlVlr04ul3KLeZehOqV,https://drive.google.com/file/d/1rKBtdFnhIsIBlxlVlr04ul3KLeZehOqV/view
INTERIOR - BATHROOM VANITY LIGHTING - INCLUDED,Clifton Heights Antique Bronze,1a6CKqt5ubQWHTfBNoZ5aqrf1MZzowRyQ,https://drive.google.com/uc?id=1a6CKqt5ubQWHTfBNoZ5aqrf1MZzowRyQ,https://drive.google.com/file/d/1a6CKqt5ubQWHTfBNoZ5aqrf1MZzowRyQ/view
INTERIOR - BATHROOM VANITY LIGHTING - INCLUDED,Clifton Heights Matte Black,1xlSGjDeYEqHWNY6ZOTUNcp0iDhNj41CQ,https://drive.google.com/uc?id=1xlSGjDeYEqHWNY6ZOTUNcp0iDhNj41CQ,https://drive.google.com/file/d/1xlSGjDeYEqHWNY6ZOTUNcp0iDhNj41CQ/view
INTERIOR - BATHROOM VANITY LIGHTING - INCLUDED,Image 1,1rKkaXlaRoIi7KhSaUFaeWI4bIDa3GLA1,https://drive.google.com/uc?id=1rKkaXlaRoIi7KhSaUFaeWI4bIDa3GLA1,https://drive.google.com/file/d/1rKkaXlaRoIi7KhSaUFaeWI4bIDa3GLA1/view
INTERIOR - BATHROOM VANITY LIGHTING - INCLUDED,Replay Matte Black,1PFxFg4rva0v12FDsHtsNZHFeqzK2OkuX,https://drive.google.com/uc?id=1PFxFg4rva0v12FDsHtsNZHFeqzK2OkuX,https://drive.google.com/file/d/1PFxFg4rva0v12FDsHtsNZHFeqzK2OkuX/view
INTERIOR - BATHROOM VANITY LIGHTING - INCLUDED,Replay Polished Nickel,1s80wP_Kol5skqPswVGTvJMGQD2vUiWIS,https://drive.google.com/uc?id=1s80wP_Kol5skqPswVGTvJMGQD2vUiWIS,https://drive.google.com/file/d/1s80wP_Kol5skqPswVGTvJMGQD2vUiWIS/view
INTERIOR - BATHROOM VANITY LIGHTING - INCLUDED,Replay Brushed Nickel,1hlw1O0IvUm1VTdwz5JTDOZfF596_bJ2k,https://drive.google.com/uc?id=1hlw1O0IvUm1VTdwz5JTDOZfF596_bJ2k,https://drive.google.com/file/d/1hlw1O0IvUm1VTdwz5JTDOZfF596_bJ2k/view
INTERIOR - BATHROOM VANITY LIGHTING - INCLUDED,Replay Antique Bronze,1Wxvzb29fH_JVaGQec3VzebYkosYF-lZG,https://drive.google.com/uc?id=1Wxvzb29fH_JVaGQec3VzebYkosYF-lZG,https://drive.google.com/file/d/1Wxvzb29fH_JVaGQec3VzebYkosYF-lZG/view
INTERIOR - QUARTZ COUNTERTOPS,Calacatta Madrid (Upgrade),1KeI1upIpm0616o_wyTcb4TCjLJyJ_7ZF,https://drive.google.com/uc?id=1KeI1upIpm0616o_wyTcb4TCjLJyJ_7ZF,https://drive.google.com/file/d/1KeI1upIpm0616o_wyTcb4TCjLJyJ_7ZF/view
INTERIOR - QUARTZ COUNTERTOPS,Calacatta Splendor (Upgrade),15hu2b2x_6prulUPGsGQ3emlJpx08p3TA,https://drive.google.com/uc?id=15hu2b2x_6prulUPGsGQ3emlJpx08p3TA,https://drive.google.com/file/d/15hu2b2x_6prulUPGsGQ3emlJpx08p3TA/view
INTERIOR - QUARTZ COUNTERTOPS,Giotto (Upgrade),1Zpb5WFKAZ7txVu0ox_DCyNkc599Uv3n0,https://drive.google.com/uc?id=1Zpb5WFKAZ7txVu0ox_DCyNkc599Uv3n0,https://drive.google.com/file/d/1Zpb5WFKAZ7txVu0ox_DCyNkc599Uv3n0/view
INTERIOR - QUARTZ COUNTERTOPS,Carrera White (Included),1_y2oiDEQppdA82-9B05Do9gsF3KW2dDg,https://drive.google.com/uc?id=1_y2oiDEQppdA82-9B05Do9gsF3KW2dDg,https://drive.google.com/file/d/1_y2oiDEQppdA82-9B05Do9gsF3KW2dDg/view
INTERIOR - QUARTZ COUNTERTOPS,Sparkle White (Included),1-dtEkd1WAa16XoK7DcuhjESvLG9nVDS8,https://drive.google.com/uc?id=1-dtEkd1WAa16XoK7DcuhjESvLG9nVDS8,https://drive.google.com/file/d/1-dtEkd1WAa16XoK7DcuhjESvLG9nVDS8/view
INTERIOR - DOOR HARDWARE,Matte Black,1oED8rgp381nxG3pG99BvDvu77ui68xBn,https://drive.google.com/uc?id=1oED8rgp381nxG3pG99BvDvu77ui68xBn,https://drive.google.com/file/d/1oED8rgp381nxG3pG99BvDvu77ui68xBn/view
INTERIOR - DOOR HARDWARE,Bright Chrome,1xnw-ZvGqjza3Dg8F4PFbgQGKojN7Pp4Y,https://drive.google.com/uc?id=1xnw-ZvGqjza3Dg8F4PFbgQGKojN7Pp4Y,https://drive.google.com/file/d/1xnw-ZvGqjza3Dg8F4PFbgQGKojN7Pp4Y/view
INTERIOR - DOOR HARDWARE,Satin Nickel,1LDWyHZRGEfw-WtKzIL3CWjrEv13YjHZO,https://drive.google.com/uc?id=1LDWyHZRGEfw-WtKzIL3CWjrEv13YjHZO,https://drive.google.com/file/d/1LDWyHZRGEfw-WtKzIL3CWjrEv13YjHZO/view
INTERIOR - KITCHEN APPLIANCE PACKAGE,Dishwasher,1lzeSJWaGpXs8_gR5ldf6SAEOzRIrX6YF,https://drive.google.com/uc?id=1lzeSJWaGpXs8_gR5ldf6SAEOzRIrX6YF,https://drive.google.com/file/d/1lzeSJWaGpXs8_gR5ldf6SAEOzRIrX6YF/view
INTERIOR - KITCHEN APPLIANCE PACKAGE,Refrigerator,1wm9H7WWHP77mCcdPrfkTQaqKWK-LH6QN,https://drive.google.com/uc?id=1wm9H7WWHP77mCcdPrfkTQaqKWK-LH6QN,https://drive.google.com/file/d/1wm9H7WWHP77mCcdPrfkTQaqKWK-LH6QN/view
INTERIOR - KITCHEN APPLIANCE PACKAGE,Drying Machine,1I-ESpI6Tzv9pnGPFUmMkR2tsD4KKHwE4,https://drive.google.com/uc?id=1I-ESpI6Tzv9pnGPFUmMkR2tsD4KKHwE4,https://drive.google.com/file/d/1I-ESpI6Tzv9pnGPFUmMkR2tsD4KKHwE4/view
INTERIOR - KITCHEN APPLIANCE PACKAGE,Washing Machine,1UAuyzYjF3bAd239g1lM6PgiTLTTvTVqC,https://drive.google.com/uc?id=1UAuyzYjF3bAd239g1lM6PgiTLTTvTVqC,https://drive.google.com/file/d/1UAuyzYjF3bAd239g1lM6PgiTLTTvTVqC/view
INTERIOR - KITCHEN APPLIANCE PACKAGE,Electric Range,12Mb35zHHwpR2GUP4dKN_zTwYdMG90fOP,https://drive.google.com/uc?id=12Mb35zHHwpR2GUP4dKN_zTwYdMG90fOP,https://drive.google.com/file/d/12Mb35zHHwpR2GUP4dKN_zTwYdMG90fOP/view
INTERIOR - ADA APPROVED BATH UPGRADES,ADA Approved Toilet,1BACVWc-QsCMoVLWgKRm8Gl2lWrgc3Jqg,https://drive.google.com/uc?id=1BACVWc-QsCMoVLWgKRm8Gl2lWrgc3Jqg,https://drive.google.com/file/d/1BACVWc-QsCMoVLWgKRm8Gl2lWrgc3Jqg/view
INTERIOR - ADA APPROVED BATH UPGRADES,Zero Entry Floor,1Xx5E0oGxRmdBLwGkIC_obhbKmmHaPKNW,https://drive.google.com/uc?id=1Xx5E0oGxRmdBLwGkIC_obhbKmmHaPKNW,https://drive.google.com/file/d/1Xx5E0oGxRmdBLwGkIC_obhbKmmHaPKNW/view
INTERIOR - ADA APPROVED BATH UPGRADES,Shower Bars,1ep2RPzScU_vsTZqZBmP5tf5sKvxF5VcS,https://drive.google.com/uc?id=1ep2RPzScU_vsTZqZBmP5tf5sKvxF5VcS,https://drive.google.com/file/d/1ep2RPzScU_vsTZqZBmP5tf5sKvxF5VcS/view
INTERIOR - KITCHEN CABINETS - UPGRADE,Blue,11ikVIlPzY43YA17343XI1YsrQ6ushqPb,https://drive.google.com/uc?id=11ikVIlPzY43YA17343XI1YsrQ6ushqPb,https://drive.google.com/file/d/11ikVIlPzY43YA17343XI1YsrQ6ushqPb/view
INTERIOR - KITCHEN CABINETS - UPGRADE,Caramel,1KG7li158SoU_AYjqvTi_iVQiqHFo4aJU,https://drive.google.com/uc?id=1KG7li158SoU_AYjqvTi_iVQiqHFo4aJU,https://drive.google.com/file/d/1KG7li158SoU_AYjqvTi_iVQiqHFo4aJU/view
INTERIOR - KITCHEN CABINETS - UPGRADE,Espresso,1dQwjKDfjhPFetlluR63AWGqkMX9OQlAb,https://drive.google.com/uc?id=1dQwjKDfjhPFetlluR63AWGqkMX9OQlAb,https://drive.google.com/file/d/1dQwjKDfjhPFetlluR63AWGqkMX9OQlAb/view
INTERIOR - BATHROOM FAUCETS,Polished Nickel,1gPFZZvrT0rBhiOUyJQKb8oV8dQIN-E6h,https://drive.google.com/uc?id=1gPFZZvrT0rBhiOUyJQKb8oV8dQIN-E6h,https://drive.google.com/file/d/1gPFZZvrT0rBhiOUyJQKb8oV8dQIN-E6h/view
INTERIOR - BATHROOM FAUCETS,Oil Rubbed Bronze,1fDJ1P9u5h-Lc4ernux3P5GeQwiUm1mZd,https://drive.google.com/uc?id=1fDJ1P9u5h-Lc4ernux3P5GeQwiUm1mZd,https://drive.google.com/file/d/1fDJ1P9u5h-Lc4ernux3P5GeQwiUm1mZd/view
INTERIOR - BATHROOM FAUCETS,Matte Black,16j-GZ7_aoembrU2FaEyJRHIZWu2bKsTZ,https://drive.google.com/uc?id=16j-GZ7_aoembrU2FaEyJRHIZWu2bKsTZ,https://drive.google.com/file/d/16j-GZ7_aoembrU2FaEyJRHIZWu2bKsTZ/view
INTERIOR - BATHROOM FAUCETS,Chrome,1qhNDzQ7AAjg47vLT-R2_5BoGOfY-5X4M,https://drive.google.com/uc?id=1qhNDzQ7AAjg47vLT-R2_5BoGOfY-5X4M,https://drive.google.com/file/d/1qhNDzQ7AAjg47vLT-R2_5BoGOfY-5X4M/view
INTERIOR - BATHROOM FAUCETS,Brushed Nickel,1CXJFVQkdBRfyjnLNbpHWrIT0F2d8ygvA,https://drive.google.com/uc?id=1CXJFVQkdBRfyjnLNbpHWrIT0F2d8ygvA,https://drive.google.com/file/d/1CXJFVQkdBRfyjnLNbpHWrIT0F2d8ygvA/view
INTERIOR - BATHROOM FAUCETS,Brushed Gold,1j0sLzIoY4fNFj6VeMKUyN40dauRyIrQT,https://drive.google.com/uc?id=1j0sLzIoY4fNFj6VeMKUyN40dauRyIrQT,https://drive.google.com/file/d/1j0sLzIoY4fNFj6VeMKUyN40dauRyIrQT/view
INTERIOR - WALL FEATURE - UPGRADE,Standard Drywall Finish,1LTGPWCFeUXMM3Vi37o_Em5Mrdf5z47PN,https://drive.google.com/uc?id=1LTGPWCFeUXMM3Vi37o_Em5Mrdf5z47PN,https://drive.google.com/file/d/1LTGPWCFeUXMM3Vi37o_Em5Mrdf5z47PN/view
INTERIOR - BATHROOM TOILET,American Standard,1W7I875xV8BSXegTIWeyEiOyOuzpbH81R,https://drive.google.com/uc?id=1W7I875xV8BSXegTIWeyEiOyOuzpbH81R,https://drive.google.com/file/d/1W7I875xV8BSXegTIWeyEiOyOuzpbH81R/view
INTERIOR - BATHROOM TOILET,Image 1,1jmkYAXYAsKoc-q5dhlPg0NdTgeW3HOFg,https://drive.google.com/uc?id=1jmkYAXYAsKoc-q5dhlPg0NdTgeW3HOFg,https://drive.google.com/file/d/1jmkYAXYAsKoc-q5dhlPg0NdTgeW3HOFg/view
INTERIOR - WALL-TRIM PAINT,Sea Salt,1wr2mlHRB-duANHmyCOeKg9kiVuuOZg7M,https://drive.google.com/uc?id=1wr2mlHRB-duANHmyCOeKg9kiVuuOZg7M,https://drive.google.com/file/d/1wr2mlHRB-duANHmyCOeKg9kiVuuOZg7M/view
INTERIOR - WALL-TRIM PAINT,Evergreen Fog,1MBxu8AIygarXUMGv0wdi68tKBrYtLkb0,https://drive.google.com/uc?id=1MBxu8AIygarXUMGv0wdi68tKBrYtLkb0,https://drive.google.com/file/d/1MBxu8AIygarXUMGv0wdi68tKBrYtLkb0/view
INTERIOR - WALL-TRIM PAINT,First Star,1rqGqkO5nTboDpmDo08doZjVJiiI1FaOR,https://drive.google.com/uc?id=1rqGqkO5nTboDpmDo08doZjVJiiI1FaOR,https://drive.google.com/file/d/1rqGqkO5nTboDpmDo08doZjVJiiI1FaOR/view
INTERIOR - WALL-TRIM PAINT,Denim,1SV1By5a_42WRrlsUVNyfEEa0i5u245af,https://drive.google.com/uc?id=1SV1By5a_42WRrlsUVNyfEEa0i5u245af,https://drive.google.com/file/d/1SV1By5a_42WRrlsUVNyfEEa0i5u245af/view
INTERIOR - BATHROOM VANITY SINK - INCLUDED,White Oak,1o1D3Jahh58AMelIkCsUPzW9qmqUerNt1,https://drive.google.com/uc?id=1o1D3Jahh58AMelIkCsUPzW9qmqUerNt1,https://drive.google.com/file/d/1o1D3Jahh58AMelIkCsUPzW9qmqUerNt1/view
INTERIOR - BATHROOM VANITY SINK - INCLUDED,Midnight Blue,1fwVPQUGEbv9PwelQkdYFFa_-DuVFBtJy,https://drive.google.com/uc?id=1fwVPQUGEbv9PwelQkdYFFa_-DuVFBtJy,https://drive.google.com/file/d/1fwVPQUGEbv9PwelQkdYFFa_-DuVFBtJy/view
INTERIOR - BATHROOM VANITY SINK - INCLUDED,Dark Charcoal,1ZiE7xQHw9mIwhQl5UToQQr-_bQL5Up0v,https://drive.google.com/uc?id=1ZiE7xQHw9mIwhQl5UToQQr-_bQL5Up0v,https://drive.google.com/file/d/1ZiE7xQHw9mIwhQl5UToQQr-_bQL5Up0v/view
INTERIOR - BATHROOM VANITY SINK - INCLUDED,White,1puQ7KfRg0_ojk754Zdj-0JvO1cdb-KAA,https://drive.google.com/uc?id=1puQ7KfRg0_ojk754Zdj-0JvO1cdb-KAA,https://drive.google.com/file/d/1puQ7KfRg0_ojk754Zdj-0JvO1cdb-KAA/view
INTERIOR - BATHROOM VANITY SINK - INCLUDED,Image 1,11tKp6trywTfZfY58wmNOtKf4S-EVeUMQ,https://drive.google.com/uc?id=11tKp6trywTfZfY58wmNOtKf4S-EVeUMQ,https://drive.google.com/file/d/11tKp6trywTfZfY58wmNOtKf4S-EVeUMQ/view
INTERIOR - KITCHEN CABINETS - OPTIONAL UPGRADES,Under Cabinet Lighting,1c_B2Z6hY2UaKOeOZWS5wTdOewnCr21gE,https://drive.google.com/uc?id=1c_B2Z6hY2UaKOeOZWS5wTdOewnCr21gE,https://drive.google.com/file/d/1c_B2Z6hY2UaKOeOZWS5wTdOewnCr21gE/view
INTERIOR - KITCHEN CABINETS - OPTIONAL UPGRADES,Refrigerator Side Panel,1SFa3YFBeDAwCm-8gX4WCSZUQvNX41r2N,https://drive.google.com/uc?id=1SFa3YFBeDAwCm-8gX4WCSZUQvNX41r2N,https://drive.google.com/file/d/1SFa3YFBeDAwCm-8gX4WCSZUQvNX41r2N/view
INTERIOR - KITCHEN CABINETS - OPTIONAL UPGRADES,Glass Insert Doors,1LYCu_QBitA0t0whEpUuSA_C-32qoLvrB,https://drive.google.com/uc?id=1LYCu_QBitA0t0whEpUuSA_C-32qoLvrB,https://drive.google.com/file/d/1LYCu_QBitA0t0whEpUuSA_C-32qoLvrB/view
INTERIOR - KITCHEN CABINETS - OPTIONAL UPGRADES,Drawer Base Option,1YkNKo66ni2BdObbUx5oGnOQ10lQ5Wx9X,https://drive.google.com/uc?id=1YkNKo66ni2BdObbUx5oGnOQ10lQ5Wx9X,https://drive.google.com/file/d/1YkNKo66ni2BdObbUx5oGnOQ10lQ5Wx9X/view
INTERIOR - KITCHEN CABINETS - OPTIONAL UPGRADES,Tip Out Tray,1WQJaLbw9czjxck2YLb1BIlipGAwU4FD7,https://drive.google.com/uc?id=1WQJaLbw9czjxck2YLb1BIlipGAwU4FD7,https://drive.google.com/file/d/1WQJaLbw9czjxck2YLb1BIlipGAwU4FD7/view
INTERIOR - KITCHEN CABINETS - OPTIONAL UPGRADES,Pull Out Base Corner,1Ma963q1PCbdyiwbL04S55Uv7ZUEew7J_,https://drive.google.com/uc?id=1Ma963q1PCbdyiwbL04S55Uv7ZUEew7J_,https://drive.google.com/file/d/1Ma963q1PCbdyiwbL04S55Uv7ZUEew7J_/view
INTERIOR - KITCHEN CABINETS - OPTIONAL UPGRADES,Pull Out Base Trash,145n-C74TrB8s1KfV7mFTcPJRPlO9XMj7,https://drive.google.com/uc?id=145n-C74TrB8s1KfV7mFTcPJRPlO9XMj7,https://drive.google.com/file/d/145n-C74TrB8s1KfV7mFTcPJRPlO9XMj7/view
INTERIOR - KITCHEN CABINETS - OPTIONAL UPGRADES,Pull Out Spice Rack Base,1uvhksWzTDW3xhlrGEC4WPGnron3uKwPf,https://drive.google.com/uc?id=1uvhksWzTDW3xhlrGEC4WPGnron3uKwPf,https://drive.google.com/file/d/1uvhksWzTDW3xhlrGEC4WPGnron3uKwPf/view
INTERIOR - CEILING-WALL-TRIM PAINT,Agreeable Gray,1Kf_AR7H1m_4BEpG_MFxTR1dkU5jKey35,https://drive.google.com/uc?id=1Kf_AR7H1m_4BEpG_MFxTR1dkU5jKey35,https://drive.google.com/file/d/1Kf_AR7H1m_4BEpG_MFxTR1dkU5jKey35/view
INTERIOR - CEILING-WALL-TRIM PAINT,Accessible Beige,17svZQvffIB4HFoAxWZSAkVETKNPGM37z,https://drive.google.com/uc?id=17svZQvffIB4HFoAxWZSAkVETKNPGM37z,https://drive.google.com/file/d/17svZQvffIB4HFoAxWZSAkVETKNPGM37z/view
INTERIOR - CEILING-WALL-TRIM PAINT,Greek Villa,15mir06n7_P0b97kdRprB81Hw-VmcaSOw,https://drive.google.com/uc?id=15mir06n7_P0b97kdRprB81Hw-VmcaSOw,https://drive.google.com/file/d/15mir06n7_P0b97kdRprB81Hw-VmcaSOw/view
INTERIOR - CEILING-WALL-TRIM PAINT,Pure White,1Ez1YVNVnUUK45W9CnNUbopY18Gky76Ih,https://drive.google.com/uc?id=1Ez1YVNVnUUK45W9CnNUbopY18Gky76Ih,https://drive.google.com/file/d/1Ez1YVNVnUUK45W9CnNUbopY18Gky76Ih/view
EXTERIOR - LIGHTING - INCLUDED,Progress Lighting 05,15n8GwCMYBYXIyXRzh7CzJ0zs2XVqVIbo,https://drive.google.com/uc?id=15n8GwCMYBYXIyXRzh7CzJ0zs2XVqVIbo,https://drive.google.com/file/d/15n8GwCMYBYXIyXRzh7CzJ0zs2XVqVIbo/view
EXTERIOR - LIGHTING - INCLUDED,Progress Lighting 04,1lQN1bMgdj1kwoo0pHN87xvjEfZ2sv9KV,https://drive.google.com/uc?id=1lQN1bMgdj1kwoo0pHN87xvjEfZ2sv9KV,https://drive.google.com/file/d/1lQN1bMgdj1kwoo0pHN87xvjEfZ2sv9KV/view
EXTERIOR - LIGHTING - INCLUDED,Progress Lighting 03,1mwCUsoTQ99PCx3Edg3YxhVr77XkfMz59,https://drive.google.com/uc?id=1mwCUsoTQ99PCx3Edg3YxhVr77XkfMz59,https://drive.google.com/file/d/1mwCUsoTQ99PCx3Edg3YxhVr77XkfMz59/view
EXTERIOR - LIGHTING - INCLUDED,Progress Lighting 02,1iQIXzGZ2A_uobwnE-81ZV0C7BcgntI11,https://drive.google.com/uc?id=1iQIXzGZ2A_uobwnE-81ZV0C7BcgntI11,https://drive.google.com/file/d/1iQIXzGZ2A_uobwnE-81ZV0C7BcgntI11/view
EXTERIOR - LIGHTING - INCLUDED,Progress Lighting 01,1Gbw86TlKop992utYMXplubLKl2nJGHrH,https://drive.google.com/uc?id=1Gbw86TlKop992utYMXplubLKl2nJGHrH,https://drive.google.com/file/d/1Gbw86TlKop992utYMXplubLKl2nJGHrH/view
EXTERIOR - LIGHTING - INCLUDED,Exterior Lighting Image,1sFz8hH9zVsVNl19MY4B4EBFTHTHSbFBA,https://drive.google.com/uc?id=1sFz8hH9zVsVNl19MY4B4EBFTHTHSbFBA,https://drive.google.com/file/d/1sFz8hH9zVsVNl19MY4B4EBFTHTHSbFBA/view
EXTERIOR - ROOF,Shakewood Shingles,1tLACw19GiQkP0mbKF_DARpRh16zpNwM-,https://drive.google.com/uc?id=1tLACw19GiQkP0mbKF_DARpRh16zpNwM-,https://drive.google.com/file/d/1tLACw19GiQkP0mbKF_DARpRh16zpNwM-/view
EXTERIOR - ROOF,Hickory Shingles,1f4MPePNFyTrkaDo_k03XP7h355VWlm9v,https://drive.google.com/uc?id=1f4MPePNFyTrkaDo_k03XP7h355VWlm9v,https://drive.google.com/file/d/1f4MPePNFyTrkaDo_k03XP7h355VWlm9v/view
EXTERIOR - ROOF,Driftwood Shingles,1s2BUr6XajMa_VPsdE_UeUCqFjOlrxqyL,https://drive.google.com/uc?id=1s2BUr6XajMa_VPsdE_UeUCqFjOlrxqyL,https://drive.google.com/file/d/1s2BUr6XajMa_VPsdE_UeUCqFjOlrxqyL/view
EXTERIOR - ROOF,Charcoal Shingles,1s_sF8ADCw8Ya2Ro8uLWjVTi7O1lvcSLh,https://drive.google.com/uc?id=1s_sF8ADCw8Ya2Ro8uLWjVTi7O1lvcSLh,https://drive.google.com/file/d/1s_sF8ADCw8Ya2Ro8uLWjVTi7O1lvcSLh/view
EXTERIOR - ROOF,Barkwood Shingles,1f3S_1FVdWQJDFU2neGdDC4rbohBZrZmj,https://drive.google.com/uc?id=1f3S_1FVdWQJDFU2neGdDC4rbohBZrZmj,https://drive.google.com/file/d/1f3S_1FVdWQJDFU2neGdDC4rbohBZrZmj/view
EXTERIOR - ROOF,Fox Hollow Grey Shingles,1OJtoLD2jtl6w0RE-xesDVJ58Pdn-DmMn,https://drive.google.com/uc?id=1OJtoLD2jtl6w0RE-xesDVJ58Pdn-DmMn,https://drive.google.com/file/d/1OJtoLD2jtl6w0RE-xesDVJ58Pdn-DmMn/view
EXTERIOR - ROOF,Slate Shingles,16fN_PbPUZhcaBcAQDT7mSCG5djo3Z83A,https://drive.google.com/uc?id=16fN_PbPUZhcaBcAQDT7mSCG5djo3Z83A,https://drive.google.com/file/d/16fN_PbPUZhcaBcAQDT7mSCG5djo3Z83A/view
EXTERIOR - ROOF,Pewter Gray Shingles,1LfKnNOAa8kMJRNS_dDiwWB0VpunvTSlK,https://drive.google.com/uc?id=1LfKnNOAa8kMJRNS_dDiwWB0VpunvTSlK,https://drive.google.com/file/d/1LfKnNOAa8kMJRNS_dDiwWB0VpunvTSlK/view
EXTERIOR - ROOF,Oyster Grey Shingles,17ULrBuss_J9J99VR5h7v1EdZBaPrsv4i,https://drive.google.com/uc?id=17ULrBuss_J9J99VR5h7v1EdZBaPrsv4i,https://drive.google.com/file/d/17ULrBuss_J9J99VR5h7v1EdZBaPrsv4i/view
EXTERIOR - ROOF,Mission Brown Shingles,1Ss9bAYaGX3RtYIv6npLtp9iM4WHAPndc,https://drive.google.com/uc?id=1Ss9bAYaGX3RtYIv6npLtp9iM4WHAPndc,https://drive.google.com/file/d/1Ss9bAYaGX3RtYIv6npLtp9iM4WHAPndc/view
EXTERIOR - SIDING,Fiber Cement Siding,1ILHErs8gs_AAbg1aCF0bHUEQ5o6Comft,https://drive.google.com/uc?id=1ILHErs8gs_AAbg1aCF0bHUEQ5o6Comft,https://drive.google.com/file/d/1ILHErs8gs_AAbg1aCF0bHUEQ5o6Comft/view
EXTERIOR - SIDING,Color Beige,1D6Bo5V1q8T5q9-R4sL4XA4O07oATB0dX,https://drive.google.com/uc?id=1D6Bo5V1q8T5q9-R4sL4XA4O07oATB0dX,https://drive.google.com/file/d/1D6Bo5V1q8T5q9-R4sL4XA4O07oATB0dX/view
EXTERIOR - SIDING,Color Gray,1t2Z2LK0dP0iFPDUXU9_47yfxsXP_8sgQ,https://drive.google.com/uc?id=1t2Z2LK0dP0iFPDUXU9_47yfxsXP_8sgQ,https://drive.google.com/file/d/1t2Z2LK0dP0iFPDUXU9_47yfxsXP_8sgQ/view
EXTERIOR - SIDING,Color White,1mUEXpOgyzPs7TWM4b6Qt_0j8llUJeBiq,https://drive.google.com/uc?id=1mUEXpOgyzPs7TWM4b6Qt_0j8llUJeBiq,https://drive.google.com/file/d/1mUEXpOgyzPs7TWM4b6Qt_0j8llUJeBiq/view
EXTERIOR - SIDING,Vinyl Lap Siding,1VqwFAevxiJbiWOhzestPasLVlhzwc7PY,https://drive.google.com/uc?id=1VqwFAevxiJbiWOhzestPasLVlhzwc7PY,https://drive.google.com/file/d/1VqwFAevxiJbiWOhzestPasLVlhzwc7PY/view
EXTERIOR - DOORS,Exterior Doors 1,1VanNX4_-oh0wkgzTE8Wkb0hahl5YBLjp,https://drive.google.com/uc?id=1VanNX4_-oh0wkgzTE8Wkb0hahl5YBLjp,https://drive.google.com/file/d/1VanNX4_-oh0wkgzTE8Wkb0hahl5YBLjp/view
EXTERIOR - DOORS,Exterior Doors 2,16JWXlQiUT5dk1MseYHfS2bzlcJkezAh5,https://drive.google.com/uc?id=16JWXlQiUT5dk1MseYHfS2bzlcJkezAh5,https://drive.google.com/file/d/16JWXlQiUT5dk1MseYHfS2bzlcJkezAh5/view
EXTERIOR - DOOR HARDWARE,Satin Nickel,1pCKg6TW7OYvUDxMgFOYrtgSEe3m3ve76,https://drive.google.com/uc?id=1pCKg6TW7OYvUDxMgFOYrtgSEe3m3ve76,https://drive.google.com/file/d/1pCKg6TW7OYvUDxMgFOYrtgSEe3m3ve76/view
EXTERIOR - DOOR HARDWARE,Bright Chrome,1oidSPtK_dA4UST3ryhEkFjPHAYxAq1ar,https://drive.google.com/uc?id=1oidSPtK_dA4UST3ryhEkFjPHAYxAq1ar,https://drive.google.com/file/d/1oidSPtK_dA4UST3ryhEkFjPHAYxAq1ar/view
EXTERIOR - DOOR HARDWARE,Matte Black,1YFGhncHvXHuHfSWSV1O9HNEYZmf9jgns,https://drive.google.com/uc?id=1YFGhncHvXHuHfSWSV1O9HNEYZmf9jgns,https://drive.google.com/file/d/1YFGhncHvXHuHfSWSV1O9HNEYZmf9jgns/view
EXTERIOR - LIGHTING - UPGRADE,Progress Lighting 04,1ZHiHHs-rrJPsXuuBHOPEqbogfadxuowT,https://drive.google.com/uc?id=1ZHiHHs-rrJPsXuuBHOPEqbogfadxuowT,https://drive.google.com/file/d/1ZHiHHs-rrJPsXuuBHOPEqbogfadxuowT/view
EXTERIOR - LIGHTING - UPGRADE,Progress Lighting 03,1P_kf9q0IJMPsKstyNq5ceeh0Bz3Xmugg,https://drive.google.com/uc?id=1P_kf9q0IJMPsKstyNq5ceeh0Bz3Xmugg,https://drive.google.com/file/d/1P_kf9q0IJMPsKstyNq5ceeh0Bz3Xmugg/view
EXTERIOR - LIGHTING - UPGRADE,Progress Lighting 02,1FrXBUvsMLDri2ekAgUAehrSs9AnkQjWI,https://drive.google.com/uc?id=1FrXBUvsMLDri2ekAgUAehrSs9AnkQjWI,https://drive.google.com/file/d/1FrXBUvsMLDri2ekAgUAehrSs9AnkQjWI/view
EXTERIOR - LIGHTING - UPGRADE,Progress Lighting 01,1m_ofdqpduV7lbQsYLaYNrb4yml-VBZXQ,https://drive.google.com/uc?id=1m_ofdqpduV7lbQsYLaYNrb4yml-VBZXQ,https://drive.google.com/file/d/1m_ofdqpduV7lbQsYLaYNrb4yml-VBZXQ/view
EXTERIOR - LIGHTING - UPGRADE,Exterior Lighting Image 2,1pSHNL4WiEMbsL3rjTmV6WTuGCmNtBX9Z,https://drive.google.com/uc?id=1pSHNL4WiEMbsL3rjTmV6WTuGCmNtBX9Z,https://drive.google.com/file/d/1pSHNL4WiEMbsL3rjTmV6WTuGCmNtBX9Z/view
EXTERIOR - WINDOW FRAME COLOR,White Framed (Included),1-WEDdCl-DrHdxViWrkvMjY-T0HbQBEKC,https://drive.google.com/uc?id=1-WEDdCl-DrHdxViWrkvMjY-T0HbQBEKC,https://drive.google.com/file/d/1-WEDdCl-DrHdxViWrkvMjY-T0HbQBEKC/view
EXTERIOR - WINDOW FRAME COLOR,Black Framed (Upgrade),12CgMqTwt4FwB4I63nrwljugDvVpDTjd1,https://drive.google.com/uc?id=12CgMqTwt4FwB4I63nrwljugDvVpDTjd1,https://drive.google.com/file/d/12CgMqTwt4FwB4I63nrwljugDvVpDTjd1/view
